{
	"comments": {
		"lineComment": "#",
		"blockComment": [ "'''", "'''" ]
	},
	"brackets": [
		["{", "}"],
		["[", "]"],
		["(", ")"]
	],
	"autoClosingPairs": [
		{ "open": "{", "close": "}" },
		{ "open": "[", "close": "]" },
		{ "open": "(", "close": ")" },
		{ "open": "\"", "close": "\"", "notIn": ["string"] },
		{ "open": "'", "close": "'", "notIn": ["string", "comment"] }
	],
	"surroundingPairs": [
		["{", "}"],
		["[", "]"],
		["(", ")"],
		["\"", "\""],
		["'", "'"]
	],
	"folding": {
		"offSide": true,
		"markers": {
			"start": "^\\s*#region\\b",
			"end": "^\\s*#endregion\\b"
		}
	}
}
