{
	"information_for_contributors": [
		"This file has been generated from data in https://github.com/jesseweed/seti-ui",
		"- icon definitions: https://github.com/jesseweed/seti-ui/blob/master/styles/_fonts/seti.less",
		"- icon colors: https://github.com/jesseweed/seti-ui/blob/master/styles/ui-variables.less",
		"- file associations: https://github.com/jesseweed/seti-ui/blob/master/styles/components/icons/mapping.less",
		"If you want to provide a fix or improvement, please create a pull request against the jesseweed/seti-ui repository.",
		"Once accepted there, we are happy to receive an update request."
	],
	"fonts": [
		{
			"id": "seti",
			"src": [
				{
					"path": "./seti.woff",
					"format": "woff"
				}
			],
			"weight": "normal",
			"style": "normal",
			"size": "150%"
		}
	],
	"iconDefinitions": {
		"_R": {
			"fontCharacter": "\\E001"
		},
		"_apple": {
			"fontCharacter": "\\E002"
		},
		"_asm_light": {
			"fontCharacter": "\\E003",
			"fontColor": "#b8383d"
		},
		"_asm": {
			"fontCharacter": "\\E003",
			"fontColor": "#cc3e44"
		},
		"_audio_light": {
			"fontCharacter": "\\E004",
			"fontColor": "#9068b0"
		},
		"_audio": {
			"fontCharacter": "\\E004",
			"fontColor": "#a074c4"
		},
		"_babel_light": {
			"fontCharacter": "\\E005",
			"fontColor": "#b7b73b"
		},
		"_babel": {
			"fontCharacter": "\\E005",
			"fontColor": "#cbcb41"
		},
		"_bower_light": {
			"fontCharacter": "\\E006",
			"fontColor": "#cc6d2e"
		},
		"_bower": {
			"fontCharacter": "\\E006",
			"fontColor": "#e37933"
		},
		"_bsl_light": {
			"fontCharacter": "\\E007",
			"fontColor": "#b8383d"
		},
		"_bsl": {
			"fontCharacter": "\\E007",
			"fontColor": "#cc3e44"
		},
		"_c-sharp_light": {
			"fontCharacter": "\\E008",
			"fontColor": "#498ba7"
		},
		"_c-sharp": {
			"fontCharacter": "\\E008",
			"fontColor": "#519aba"
		},
		"_c_light": {
			"fontCharacter": "\\E009",
			"fontColor": "#b7b73b"
		},
		"_c": {
			"fontCharacter": "\\E009",
			"fontColor": "#cbcb41"
		},
		"_cake_light": {
			"fontCharacter": "\\E00A",
			"fontColor": "#b8383d"
		},
		"_cake": {
			"fontCharacter": "\\E00A",
			"fontColor": "#cc3e44"
		},
		"_cake_php_light": {
			"fontCharacter": "\\E00B",
			"fontColor": "#b8383d"
		},
		"_cake_php": {
			"fontCharacter": "\\E00B",
			"fontColor": "#cc3e44"
		},
		"_checkbox-unchecked": {
			"fontCharacter": "\\E00C"
		},
		"_checkbox": {
			"fontCharacter": "\\E00D"
		},
		"_cjsx": {
			"fontCharacter": "\\E00E"
		},
		"_clock_light": {
			"fontCharacter": "\\E00F",
			"fontColor": "#627379"
		},
		"_clock": {
			"fontCharacter": "\\E00F",
			"fontColor": "#6d8086"
		},
		"_code-climate_light": {
			"fontCharacter": "\\E010",
			"fontColor": "#7fae42"
		},
		"_code-climate": {
			"fontCharacter": "\\E010",
			"fontColor": "#8dc149"
		},
		"_coffee_light": {
			"fontCharacter": "\\E011",
			"fontColor": "#b7b73b"
		},
		"_coffee": {
			"fontCharacter": "\\E011",
			"fontColor": "#cbcb41"
		},
		"_coffee_erb": {
			"fontCharacter": "\\E012"
		},
		"_coldfusion_light": {
			"fontCharacter": "\\E013",
			"fontColor": "#498ba7"
		},
		"_coldfusion": {
			"fontCharacter": "\\E013",
			"fontColor": "#519aba"
		},
		"_config_light": {
			"fontCharacter": "\\E014",
			"fontColor": "#627379"
		},
		"_config": {
			"fontCharacter": "\\E014",
			"fontColor": "#6d8086"
		},
		"_cpp_light": {
			"fontCharacter": "\\E015",
			"fontColor": "#9068b0"
		},
		"_cpp": {
			"fontCharacter": "\\E015",
			"fontColor": "#a074c4"
		},
		"_css_light": {
			"fontCharacter": "\\E016",
			"fontColor": "#498ba7"
		},
		"_css": {
			"fontCharacter": "\\E016",
			"fontColor": "#519aba"
		},
		"_csv_light": {
			"fontCharacter": "\\E017",
			"fontColor": "#7fae42"
		},
		"_csv": {
			"fontCharacter": "\\E017",
			"fontColor": "#8dc149"
		},
		"_d_light": {
			"fontCharacter": "\\E018",
			"fontColor": "#b8383d"
		},
		"_d": {
			"fontCharacter": "\\E018",
			"fontColor": "#cc3e44"
		},
		"_db_light": {
			"fontCharacter": "\\E019",
			"fontColor": "#dd4b78"
		},
		"_db": {
			"fontCharacter": "\\E019",
			"fontColor": "#f55385"
		},
		"_default_light": {
			"fontCharacter": "\\E01A",
			"fontColor": "#bfc2c1"
		},
		"_default": {
			"fontCharacter": "\\E01A",
			"fontColor": "#d4d7d6"
		},
		"_deprecation-cop": {
			"fontCharacter": "\\E01B"
		},
		"_docker_light": {
			"fontCharacter": "\\E01C",
			"fontColor": "#dd4b78"
		},
		"_docker": {
			"fontCharacter": "\\E01C",
			"fontColor": "#f55385"
		},
		"_editorconfig": {
			"fontCharacter": "\\E01D"
		},
		"_ejs_light": {
			"fontCharacter": "\\E01E",
			"fontColor": "#b7b73b"
		},
		"_ejs": {
			"fontCharacter": "\\E01E",
			"fontColor": "#cbcb41"
		},
		"_elixir_light": {
			"fontCharacter": "\\E01F",
			"fontColor": "#9068b0"
		},
		"_elixir": {
			"fontCharacter": "\\E01F",
			"fontColor": "#a074c4"
		},
		"_elixir_script_light": {
			"fontCharacter": "\\E020",
			"fontColor": "#9068b0"
		},
		"_elixir_script": {
			"fontCharacter": "\\E020",
			"fontColor": "#a074c4"
		},
		"_elm_light": {
			"fontCharacter": "\\E021",
			"fontColor": "#498ba7"
		},
		"_elm": {
			"fontCharacter": "\\E021",
			"fontColor": "#519aba"
		},
		"_error": {
			"fontCharacter": "\\E022"
		},
		"_eslint_light": {
			"fontCharacter": "\\E023",
			"fontColor": "#455155"
		},
		"_eslint": {
			"fontCharacter": "\\E023",
			"fontColor": "#4d5a5e"
		},
		"_f-sharp_light": {
			"fontCharacter": "\\E024",
			"fontColor": "#498ba7"
		},
		"_f-sharp": {
			"fontCharacter": "\\E024",
			"fontColor": "#519aba"
		},
		"_favicon_light": {
			"fontCharacter": "\\E025",
			"fontColor": "#b7b73b"
		},
		"_favicon": {
			"fontCharacter": "\\E025",
			"fontColor": "#cbcb41"
		},
		"_firebase_light": {
			"fontCharacter": "\\E026",
			"fontColor": "#cc6d2e"
		},
		"_firebase": {
			"fontCharacter": "\\E026",
			"fontColor": "#e37933"
		},
		"_firefox_light": {
			"fontCharacter": "\\E027",
			"fontColor": "#cc6d2e"
		},
		"_firefox": {
			"fontCharacter": "\\E027",
			"fontColor": "#e37933"
		},
		"_folder": {
			"fontCharacter": "\\E028"
		},
		"_font_light": {
			"fontCharacter": "\\E029",
			"fontColor": "#b8383d"
		},
		"_font": {
			"fontCharacter": "\\E029",
			"fontColor": "#cc3e44"
		},
		"_git_light": {
			"fontCharacter": "\\E02A",
			"fontColor": "#3b4b52"
		},
		"_git": {
			"fontCharacter": "\\E02A",
			"fontColor": "#41535b"
		},
		"_git_folder": {
			"fontCharacter": "\\E02B"
		},
		"_git_ignore": {
			"fontCharacter": "\\E02C"
		},
		"_github": {
			"fontCharacter": "\\E02D"
		},
		"_go_light": {
			"fontCharacter": "\\E02E",
			"fontColor": "#498ba7"
		},
		"_go": {
			"fontCharacter": "\\E02E",
			"fontColor": "#519aba"
		},
		"_go2_light": {
			"fontCharacter": "\\E02F",
			"fontColor": "#498ba7"
		},
		"_go2": {
			"fontCharacter": "\\E02F",
			"fontColor": "#519aba"
		},
		"_gradle_light": {
			"fontCharacter": "\\E030",
			"fontColor": "#7fae42"
		},
		"_gradle": {
			"fontCharacter": "\\E030",
			"fontColor": "#8dc149"
		},
		"_grails_light": {
			"fontCharacter": "\\E031",
			"fontColor": "#7fae42"
		},
		"_grails": {
			"fontCharacter": "\\E031",
			"fontColor": "#8dc149"
		},
		"_grunt_light": {
			"fontCharacter": "\\E032",
			"fontColor": "#cc6d2e"
		},
		"_grunt": {
			"fontCharacter": "\\E032",
			"fontColor": "#e37933"
		},
		"_gulp_light": {
			"fontCharacter": "\\E033",
			"fontColor": "#b8383d"
		},
		"_gulp": {
			"fontCharacter": "\\E033",
			"fontColor": "#cc3e44"
		},
		"_hacklang": {
			"fontCharacter": "\\E034"
		},
		"_haml_light": {
			"fontCharacter": "\\E035",
			"fontColor": "#b8383d"
		},
		"_haml": {
			"fontCharacter": "\\E035",
			"fontColor": "#cc3e44"
		},
		"_haskell_light": {
			"fontCharacter": "\\E036",
			"fontColor": "#9068b0"
		},
		"_haskell": {
			"fontCharacter": "\\E036",
			"fontColor": "#a074c4"
		},
		"_heroku_light": {
			"fontCharacter": "\\E037",
			"fontColor": "#9068b0"
		},
		"_heroku": {
			"fontCharacter": "\\E037",
			"fontColor": "#a074c4"
		},
		"_hex_light": {
			"fontCharacter": "\\E038",
			"fontColor": "#b8383d"
		},
		"_hex": {
			"fontCharacter": "\\E038",
			"fontColor": "#cc3e44"
		},
		"_html_light": {
			"fontCharacter": "\\E039",
			"fontColor": "#cc6d2e"
		},
		"_html": {
			"fontCharacter": "\\E039",
			"fontColor": "#e37933"
		},
		"_html_erb": {
			"fontCharacter": "\\E03A"
		},
		"_ignored_light": {
			"fontCharacter": "\\E03B",
			"fontColor": "#3b4b52"
		},
		"_ignored": {
			"fontCharacter": "\\E03B",
			"fontColor": "#41535b"
		},
		"_illustrator_light": {
			"fontCharacter": "\\E03C",
			"fontColor": "#b7b73b"
		},
		"_illustrator": {
			"fontCharacter": "\\E03C",
			"fontColor": "#cbcb41"
		},
		"_image_light": {
			"fontCharacter": "\\E03D",
			"fontColor": "#9068b0"
		},
		"_image": {
			"fontCharacter": "\\E03D",
			"fontColor": "#a074c4"
		},
		"_info_light": {
			"fontCharacter": "\\E03E",
			"fontColor": "#498ba7"
		},
		"_info": {
			"fontCharacter": "\\E03E",
			"fontColor": "#519aba"
		},
		"_ionic_light": {
			"fontCharacter": "\\E03F",
			"fontColor": "#498ba7"
		},
		"_ionic": {
			"fontCharacter": "\\E03F",
			"fontColor": "#519aba"
		},
		"_jade_light": {
			"fontCharacter": "\\E040",
			"fontColor": "#b8383d"
		},
		"_jade": {
			"fontCharacter": "\\E040",
			"fontColor": "#cc3e44"
		},
		"_java_light": {
			"fontCharacter": "\\E041",
			"fontColor": "#b8383d"
		},
		"_java": {
			"fontCharacter": "\\E041",
			"fontColor": "#cc3e44"
		},
		"_javascript_light": {
			"fontCharacter": "\\E042",
			"fontColor": "#498ba7"
		},
		"_javascript": {
			"fontCharacter": "\\E042",
			"fontColor": "#519aba"
		},
		"_jenkins_light": {
			"fontCharacter": "\\E043",
			"fontColor": "#b8383d"
		},
		"_jenkins": {
			"fontCharacter": "\\E043",
			"fontColor": "#cc3e44"
		},
		"_jinja_light": {
			"fontCharacter": "\\E044",
			"fontColor": "#b8383d"
		},
		"_jinja": {
			"fontCharacter": "\\E044",
			"fontColor": "#cc3e44"
		},
		"_js_erb": {
			"fontCharacter": "\\E045"
		},
		"_json_light": {
			"fontCharacter": "\\E046",
			"fontColor": "#b7b73b"
		},
		"_json": {
			"fontCharacter": "\\E046",
			"fontColor": "#cbcb41"
		},
		"_julia_light": {
			"fontCharacter": "\\E047",
			"fontColor": "#9068b0"
		},
		"_julia": {
			"fontCharacter": "\\E047",
			"fontColor": "#a074c4"
		},
		"_karma_light": {
			"fontCharacter": "\\E048",
			"fontColor": "#7fae42"
		},
		"_karma": {
			"fontCharacter": "\\E048",
			"fontColor": "#8dc149"
		},
		"_less_light": {
			"fontCharacter": "\\E049",
			"fontColor": "#498ba7"
		},
		"_less": {
			"fontCharacter": "\\E049",
			"fontColor": "#519aba"
		},
		"_license_light": {
			"fontCharacter": "\\E04A",
			"fontColor": "#b8383d"
		},
		"_license": {
			"fontCharacter": "\\E04A",
			"fontColor": "#cc3e44"
		},
		"_liquid_light": {
			"fontCharacter": "\\E04B",
			"fontColor": "#7fae42"
		},
		"_liquid": {
			"fontCharacter": "\\E04B",
			"fontColor": "#8dc149"
		},
		"_livescript_light": {
			"fontCharacter": "\\E04C",
			"fontColor": "#498ba7"
		},
		"_livescript": {
			"fontCharacter": "\\E04C",
			"fontColor": "#519aba"
		},
		"_lock_light": {
			"fontCharacter": "\\E04D",
			"fontColor": "#7fae42"
		},
		"_lock": {
			"fontCharacter": "\\E04D",
			"fontColor": "#8dc149"
		},
		"_lua_light": {
			"fontCharacter": "\\E04E",
			"fontColor": "#498ba7"
		},
		"_lua": {
			"fontCharacter": "\\E04E",
			"fontColor": "#519aba"
		},
		"_makefile_light": {
			"fontCharacter": "\\E04F",
			"fontColor": "#498ba7"
		},
		"_makefile": {
			"fontCharacter": "\\E04F",
			"fontColor": "#519aba"
		},
		"_markdown_light": {
			"fontCharacter": "\\E050",
			"fontColor": "#498ba7"
		},
		"_markdown": {
			"fontCharacter": "\\E050",
			"fontColor": "#519aba"
		},
		"_maven_light": {
			"fontCharacter": "\\E051",
			"fontColor": "#b8383d"
		},
		"_maven": {
			"fontCharacter": "\\E051",
			"fontColor": "#cc3e44"
		},
		"_mdo_light": {
			"fontCharacter": "\\E052",
			"fontColor": "#b8383d"
		},
		"_mdo": {
			"fontCharacter": "\\E052",
			"fontColor": "#cc3e44"
		},
		"_mustache_light": {
			"fontCharacter": "\\E053",
			"fontColor": "#cc6d2e"
		},
		"_mustache": {
			"fontCharacter": "\\E053",
			"fontColor": "#e37933"
		},
		"_new-file": {
			"fontCharacter": "\\E054"
		},
		"_npm_light": {
			"fontCharacter": "\\E055",
			"fontColor": "#b8383d"
		},
		"_npm": {
			"fontCharacter": "\\E055",
			"fontColor": "#cc3e44"
		},
		"_npm_ignored_light": {
			"fontCharacter": "\\E056",
			"fontColor": "#3b4b52"
		},
		"_npm_ignored": {
			"fontCharacter": "\\E056",
			"fontColor": "#41535b"
		},
		"_nunjucks_light": {
			"fontCharacter": "\\E057",
			"fontColor": "#7fae42"
		},
		"_nunjucks": {
			"fontCharacter": "\\E057",
			"fontColor": "#8dc149"
		},
		"_ocaml_light": {
			"fontCharacter": "\\E058",
			"fontColor": "#cc6d2e"
		},
		"_ocaml": {
			"fontCharacter": "\\E058",
			"fontColor": "#e37933"
		},
		"_pdf_light": {
			"fontCharacter": "\\E059",
			"fontColor": "#b8383d"
		},
		"_pdf": {
			"fontCharacter": "\\E059",
			"fontColor": "#cc3e44"
		},
		"_perl_light": {
			"fontCharacter": "\\E05A",
			"fontColor": "#498ba7"
		},
		"_perl": {
			"fontCharacter": "\\E05A",
			"fontColor": "#519aba"
		},
		"_photoshop_light": {
			"fontCharacter": "\\E05B",
			"fontColor": "#498ba7"
		},
		"_photoshop": {
			"fontCharacter": "\\E05B",
			"fontColor": "#519aba"
		},
		"_php_light": {
			"fontCharacter": "\\E05C",
			"fontColor": "#9068b0"
		},
		"_php": {
			"fontCharacter": "\\E05C",
			"fontColor": "#a074c4"
		},
		"_powershell_light": {
			"fontCharacter": "\\E05D",
			"fontColor": "#498ba7"
		},
		"_powershell": {
			"fontCharacter": "\\E05D",
			"fontColor": "#519aba"
		},
		"_project": {
			"fontCharacter": "\\E05E"
		},
		"_pug_light": {
			"fontCharacter": "\\E05F",
			"fontColor": "#b8383d"
		},
		"_pug": {
			"fontCharacter": "\\E05F",
			"fontColor": "#cc3e44"
		},
		"_puppet_light": {
			"fontCharacter": "\\E060",
			"fontColor": "#b7b73b"
		},
		"_puppet": {
			"fontCharacter": "\\E060",
			"fontColor": "#cbcb41"
		},
		"_python_light": {
			"fontCharacter": "\\E061",
			"fontColor": "#498ba7"
		},
		"_python": {
			"fontCharacter": "\\E061",
			"fontColor": "#519aba"
		},
		"_rails": {
			"fontCharacter": "\\E062"
		},
		"_react_light": {
			"fontCharacter": "\\E063",
			"fontColor": "#498ba7"
		},
		"_react": {
			"fontCharacter": "\\E063",
			"fontColor": "#519aba"
		},
		"_rollup_light": {
			"fontCharacter": "\\E064",
			"fontColor": "#b8383d"
		},
		"_rollup": {
			"fontCharacter": "\\E064",
			"fontColor": "#cc3e44"
		},
		"_ruby_light": {
			"fontCharacter": "\\E065",
			"fontColor": "#b8383d"
		},
		"_ruby": {
			"fontCharacter": "\\E065",
			"fontColor": "#cc3e44"
		},
		"_rust_light": {
			"fontCharacter": "\\E066",
			"fontColor": "#627379"
		},
		"_rust": {
			"fontCharacter": "\\E066",
			"fontColor": "#6d8086"
		},
		"_salesforce_light": {
			"fontCharacter": "\\E067",
			"fontColor": "#498ba7"
		},
		"_salesforce": {
			"fontCharacter": "\\E067",
			"fontColor": "#519aba"
		},
		"_sass_light": {
			"fontCharacter": "\\E068",
			"fontColor": "#dd4b78"
		},
		"_sass": {
			"fontCharacter": "\\E068",
			"fontColor": "#f55385"
		},
		"_sbt_light": {
			"fontCharacter": "\\E069",
			"fontColor": "#498ba7"
		},
		"_sbt": {
			"fontCharacter": "\\E069",
			"fontColor": "#519aba"
		},
		"_scala_light": {
			"fontCharacter": "\\E06A",
			"fontColor": "#b8383d"
		},
		"_scala": {
			"fontCharacter": "\\E06A",
			"fontColor": "#cc3e44"
		},
		"_search": {
			"fontCharacter": "\\E06B"
		},
		"_settings": {
			"fontCharacter": "\\E06C"
		},
		"_shell_light": {
			"fontCharacter": "\\E06D",
			"fontColor": "#455155"
		},
		"_shell": {
			"fontCharacter": "\\E06D",
			"fontColor": "#4d5a5e"
		},
		"_slim_light": {
			"fontCharacter": "\\E06E",
			"fontColor": "#cc6d2e"
		},
		"_slim": {
			"fontCharacter": "\\E06E",
			"fontColor": "#e37933"
		},
		"_smarty_light": {
			"fontCharacter": "\\E06F",
			"fontColor": "#b7b73b"
		},
		"_smarty": {
			"fontCharacter": "\\E06F",
			"fontColor": "#cbcb41"
		},
		"_spring_light": {
			"fontCharacter": "\\E070",
			"fontColor": "#7fae42"
		},
		"_spring": {
			"fontCharacter": "\\E070",
			"fontColor": "#8dc149"
		},
		"_stylus_light": {
			"fontCharacter": "\\E071",
			"fontColor": "#7fae42"
		},
		"_stylus": {
			"fontCharacter": "\\E071",
			"fontColor": "#8dc149"
		},
		"_sublime_light": {
			"fontCharacter": "\\E072",
			"fontColor": "#cc6d2e"
		},
		"_sublime": {
			"fontCharacter": "\\E072",
			"fontColor": "#e37933"
		},
		"_svg_light": {
			"fontCharacter": "\\E073",
			"fontColor": "#9068b0"
		},
		"_svg": {
			"fontCharacter": "\\E073",
			"fontColor": "#a074c4"
		},
		"_swift_light": {
			"fontCharacter": "\\E074",
			"fontColor": "#cc6d2e"
		},
		"_swift": {
			"fontCharacter": "\\E074",
			"fontColor": "#e37933"
		},
		"_terraform_light": {
			"fontCharacter": "\\E075",
			"fontColor": "#9068b0"
		},
		"_terraform": {
			"fontCharacter": "\\E075",
			"fontColor": "#a074c4"
		},
		"_tex_light": {
			"fontCharacter": "\\E076",
			"fontColor": "#bfc2c1"
		},
		"_tex": {
			"fontCharacter": "\\E076",
			"fontColor": "#d4d7d6"
		},
		"_time-cop": {
			"fontCharacter": "\\E077"
		},
		"_todo": {
			"fontCharacter": "\\E078"
		},
		"_twig_light": {
			"fontCharacter": "\\E079",
			"fontColor": "#7fae42"
		},
		"_twig": {
			"fontCharacter": "\\E079",
			"fontColor": "#8dc149"
		},
		"_typescript_light": {
			"fontCharacter": "\\E07A",
			"fontColor": "#498ba7"
		},
		"_typescript": {
			"fontCharacter": "\\E07A",
			"fontColor": "#519aba"
		},
		"_vala_light": {
			"fontCharacter": "\\E07B",
			"fontColor": "#627379"
		},
		"_vala": {
			"fontCharacter": "\\E07B",
			"fontColor": "#6d8086"
		},
		"_video_light": {
			"fontCharacter": "\\E07C",
			"fontColor": "#dd4b78"
		},
		"_video": {
			"fontCharacter": "\\E07C",
			"fontColor": "#f55385"
		},
		"_vue_light": {
			"fontCharacter": "\\E07D",
			"fontColor": "#7fae42"
		},
		"_vue": {
			"fontCharacter": "\\E07D",
			"fontColor": "#8dc149"
		},
		"_windows_light": {
			"fontCharacter": "\\E07E",
			"fontColor": "#498ba7"
		},
		"_windows": {
			"fontCharacter": "\\E07E",
			"fontColor": "#519aba"
		},
		"_word_light": {
			"fontCharacter": "\\E07F",
			"fontColor": "#498ba7"
		},
		"_word": {
			"fontCharacter": "\\E07F",
			"fontColor": "#519aba"
		},
		"_xls_light": {
			"fontCharacter": "\\E080",
			"fontColor": "#7fae42"
		},
		"_xls": {
			"fontCharacter": "\\E080",
			"fontColor": "#8dc149"
		},
		"_xml_light": {
			"fontCharacter": "\\E081",
			"fontColor": "#cc6d2e"
		},
		"_xml": {
			"fontCharacter": "\\E081",
			"fontColor": "#e37933"
		},
		"_yarn_light": {
			"fontCharacter": "\\E082",
			"fontColor": "#498ba7"
		},
		"_yarn": {
			"fontCharacter": "\\E082",
			"fontColor": "#519aba"
		},
		"_yml_light": {
			"fontCharacter": "\\E083",
			"fontColor": "#9068b0"
		},
		"_yml": {
			"fontCharacter": "\\E083",
			"fontColor": "#a074c4"
		},
		"_zip_light": {
			"fontCharacter": "\\E084",
			"fontColor": "#627379"
		},
		"_zip": {
			"fontCharacter": "\\E084",
			"fontColor": "#6d8086"
		}
	},
	"file": "_default",
	"fileExtensions": {
		"bsl": "_bsl",
		"mdo": "_mdo",
		"asm": "_asm",
		"s": "_asm",
		"h": "_c",
		"cfc": "_coldfusion",
		"cfm": "_coldfusion",
		"config": "_config",
		"cfg": "_config",
		"conf": "_config",
		"cson": "_json",
		"css.map": "_css",
		"sss": "_css",
		"csv": "_csv",
		"xls": "_xls",
		"xlsx": "_xls",
		"cake": "_cake",
		"ctp": "_cake_php",
		"d": "_d",
		"doc": "_word",
		"docx": "_word",
		"ejs": "_ejs",
		"ex": "_elixir",
		"exs": "_elixir_script",
		"elm": "_elm",
		"ico": "_favicon",
		"gitignore": "_git",
		"gitconfig": "_git",
		"gitkeep": "_git",
		"gitattributes": "_git",
		"gitmodules": "_git",
		"slide": "_go",
		"article": "_go",
		"gradle": "_gradle",
		"gsp": "_grails",
		"haml": "_haml",
		"hjs": "_mustache",
		"hs": "_haskell",
		"lhs": "_haskell",
		"class": "_java",
		"classpath": "_java",
		"js.map": "_javascript",
		"spec.js": "_javascript",
		"es": "_javascript",
		"es5": "_javascript",
		"es7": "_javascript",
		"jinja": "_jinja",
		"jinja2": "_jinja",
		"jl": "_julia",
		"liquid": "_liquid",
		"ls": "_livescript",
		"mustache": "_mustache",
		"stache": "_mustache",
		"njk": "_nunjucks",
		"nunjucks": "_nunjucks",
		"nunjs": "_nunjucks",
		"nunj": "_nunjucks",
		"njs": "_nunjucks",
		"nj": "_nunjucks",
		"npm-debug.log": "_npm",
		"npmignore": "_npm",
		"npmrc": "_npm",
		"ml": "_ocaml",
		"mli": "_ocaml",
		"cmx": "_ocaml",
		"cmxa": "_ocaml",
		"php.inc": "_php",
		"pug": "_pug",
		"pp": "_puppet",
		"epp": "_puppet",
		"cjsx": "_react",
		"erb.html": "_ruby",
		"html.erb": "_ruby",
		"sass": "_sass",
		"springbeans": "_spring",
		"slim": "_slim",
		"smarty.tpl": "_smarty",
		"sbt": "_sbt",
		"scala": "_scala",
		"styl": "_stylus",
		"tf": "_terraform",
		"tf.json": "_terraform",
		"tex": "_tex",
		"sty": "_tex",
		"dtx": "_tex",
		"ins": "_tex",
		"txt": "_default",
		"toml": "_config",
		"twig": "_twig",
		"vala": "_vala",
		"vapi": "_vala",
		"vue": "_vue",
		"jar": "_zip",
		"zip": "_zip",
		"ai": "_illustrator",
		"psd": "_photoshop",
		"pdf": "_pdf",
		"eot": "_font",
		"ttf": "_font",
		"woff": "_font",
		"woff2": "_font",
		"gif": "_image",
		"jpg": "_image",
		"jpeg": "_image",
		"png": "_image",
		"pxm": "_image",
		"svg": "_svg",
		"svgx": "_image",
		"webp": "_image",
		"sublime-project": "_sublime",
		"sublime-workspace": "_sublime",
		"component": "_salesforce",
		"cls": "_salesforce",
		"fish": "_shell",
		"mov": "_video",
		"ogv": "_video",
		"webm": "_video",
		"avi": "_video",
		"mpg": "_video",
		"mp4": "_video",
		"mp3": "_audio",
		"ogg": "_audio",
		"wav": "_audio",
		"babelrc": "_babel",
		"bowerrc": "_bower",
		"dockerignore": "_docker",
		"codeclimate.yml": "_code-climate",
		"eslintrc": "_eslint",
		"eslintrc.js": "_eslint",
		"eslintrc.yaml": "_eslint",
		"eslintrc.yml": "_eslint",
		"eslintrc.json": "_eslint",
		"eslintignore": "_eslint",
		"firebaserc": "_firebase",
		"jshintrc": "_javascript",
		"jscsrc": "_javascript",
		"direnv": "_config",
		"env": "_config",
		"static": "_config",
		"editorconfig": "_config",
		"slugignore": "_config",
		"tmp": "_clock",
		"htaccess": "_config",
		"key": "_lock",
		"cert": "_lock",
		"ds_store": "_ignored"
	},
	"fileNames": {
		"mix": "_hex",
		"karma.conf.js": "_karma",
		"karma.conf.coffee": "_karma",
		"readme.md": "_info",
		"changelog.md": "_clock",
		"changelog": "_clock",
		"version.md": "_clock",
		"version": "_clock",
		"mvnw": "_maven",
		"mime.types": "_config",
		"jenkinsfile": "_jenkins",
		"bower.json": "_bower",
		"docker-healthcheck": "_docker",
		"docker-compose.yml": "_docker",
		"firebase.json": "_firebase",
		"geckodriver": "_firefox",
		"gruntfile.js": "_grunt",
		"gruntfile.babel.js": "_grunt",
		"gruntfile.coffee": "_grunt",
		"gulpfile": "_gulp",
		"ionic.config.json": "_ionic",
		"ionic.project": "_ionic",
		"rollup.config.js": "_rollup",
		"sass-lint.yml": "_sass",
		"yarn.clean": "_yarn",
		"yarn.lock": "_yarn",
		"license": "_license",
		"licence": "_license",
		"copying": "_license",
		"compiling": "_license",
		"contributing": "_license",
		"qmakefile": "_makefile",
		"omakefile": "_makefile",
		"cmakelists.txt": "_makefile",
		"procfile": "_heroku",
		"todo": "_todo",
		"npm-debug.log": "_npm_ignored"
	},
	"languageIds": {
		"bat": "_windows",
		"coffeescript": "_coffee",
		"c": "_c",
		"cpp": "_cpp",
		"csharp": "_c-sharp",
		"css": "_css",
		"dockerfile": "_docker",
		"fsharp": "_f-sharp",
		"go": "_go2",
		"groovy": "_grails",
		"handlebars": "_mustache",
		"html": "_html",
		"properties": "_java",
		"java": "_java",
		"javascriptreact": "_react",
		"javascript": "_javascript",
		"json": "_json",
		"less": "_less",
		"lua": "_lua",
		"makefile": "_makefile",
		"markdown": "_markdown",
		"objective-c": "_c",
		"perl": "_perl",
		"php": "_php",
		"powershell": "_powershell",
		"jade": "_jade",
		"python": "_python",
		"ruby": "_ruby",
		"rust": "_rust",
		"scss": "_sass",
		"shellscript": "_shell",
		"sql": "_db",
		"swift": "_swift",
		"typescript": "_typescript",
		"typescriptreact": "_react",
		"xml": "_xml",
		"yaml": "_yml"
	},
	"light": {
		"file": "_default_light",
		"fileExtensions": {
			"bsl": "_bsl_light",
			"mdo": "_mdo_light",
			"asm": "_asm_light",
			"s": "_asm_light",
			"h": "_c_light",
			"cfc": "_coldfusion_light",
			"cfm": "_coldfusion_light",
			"config": "_config_light",
			"cfg": "_config_light",
			"conf": "_config_light",
			"cson": "_json_light",
			"css.map": "_css_light",
			"sss": "_css_light",
			"csv": "_csv_light",
			"xls": "_xls_light",
			"xlsx": "_xls_light",
			"cake": "_cake_light",
			"ctp": "_cake_php_light",
			"d": "_d_light",
			"doc": "_word_light",
			"docx": "_word_light",
			"ejs": "_ejs_light",
			"ex": "_elixir_light",
			"exs": "_elixir_script_light",
			"elm": "_elm_light",
			"ico": "_favicon_light",
			"gitignore": "_git_light",
			"gitconfig": "_git_light",
			"gitkeep": "_git_light",
			"gitattributes": "_git_light",
			"gitmodules": "_git_light",
			"slide": "_go_light",
			"article": "_go_light",
			"gradle": "_gradle_light",
			"gsp": "_grails_light",
			"haml": "_haml_light",
			"hjs": "_mustache_light",
			"hs": "_haskell_light",
			"lhs": "_haskell_light",
			"class": "_java_light",
			"classpath": "_java_light",
			"js.map": "_javascript_light",
			"spec.js": "_javascript_light",
			"es": "_javascript_light",
			"es5": "_javascript_light",
			"es7": "_javascript_light",
			"jinja": "_jinja_light",
			"jinja2": "_jinja_light",
			"jl": "_julia_light",
			"liquid": "_liquid_light",
			"ls": "_livescript_light",
			"mustache": "_mustache_light",
			"stache": "_mustache_light",
			"njk": "_nunjucks_light",
			"nunjucks": "_nunjucks_light",
			"nunjs": "_nunjucks_light",
			"nunj": "_nunjucks_light",
			"njs": "_nunjucks_light",
			"nj": "_nunjucks_light",
			"npm-debug.log": "_npm_light",
			"npmignore": "_npm_light",
			"npmrc": "_npm_light",
			"ml": "_ocaml_light",
			"mli": "_ocaml_light",
			"cmx": "_ocaml_light",
			"cmxa": "_ocaml_light",
			"php.inc": "_php_light",
			"pug": "_pug_light",
			"pp": "_puppet_light",
			"epp": "_puppet_light",
			"cjsx": "_react_light",
			"erb.html": "_ruby_light",
			"html.erb": "_ruby_light",
			"sass": "_sass_light",
			"springbeans": "_spring_light",
			"slim": "_slim_light",
			"smarty.tpl": "_smarty_light",
			"sbt": "_sbt_light",
			"scala": "_scala_light",
			"styl": "_stylus_light",
			"tf": "_terraform_light",
			"tf.json": "_terraform_light",
			"tex": "_tex_light",
			"sty": "_tex_light",
			"dtx": "_tex_light",
			"ins": "_tex_light",
			"txt": "_default_light",
			"toml": "_config_light",
			"twig": "_twig_light",
			"vala": "_vala_light",
			"vapi": "_vala_light",
			"vue": "_vue_light",
			"jar": "_zip_light",
			"zip": "_zip_light",
			"ai": "_illustrator_light",
			"psd": "_photoshop_light",
			"pdf": "_pdf_light",
			"eot": "_font_light",
			"ttf": "_font_light",
			"woff": "_font_light",
			"woff2": "_font_light",
			"gif": "_image_light",
			"jpg": "_image_light",
			"jpeg": "_image_light",
			"png": "_image_light",
			"pxm": "_image_light",
			"svg": "_svg_light",
			"svgx": "_image_light",
			"sublime-project": "_sublime_light",
			"sublime-workspace": "_sublime_light",
			"component": "_salesforce_light",
			"cls": "_salesforce_light",
			"fish": "_shell_light",
			"mov": "_video_light",
			"ogv": "_video_light",
			"webm": "_video_light",
			"avi": "_video_light",
			"mpg": "_video_light",
			"mp4": "_video_light",
			"mp3": "_audio_light",
			"ogg": "_audio_light",
			"wav": "_audio_light",
			"babelrc": "_babel_light",
			"bowerrc": "_bower_light",
			"dockerignore": "_docker_light",
			"codeclimate.yml": "_code-climate_light",
			"eslintrc": "_eslint_light",
			"eslintrc.js": "_eslint_light",
			"eslintrc.yaml": "_eslint_light",
			"eslintrc.yml": "_eslint_light",
			"eslintrc.json": "_eslint_light",
			"eslintignore": "_eslint_light",
			"firebaserc": "_firebase_light",
			"jshintrc": "_javascript_light",
			"jscsrc": "_javascript_light",
			"direnv": "_config_light",
			"env": "_config_light",
			"static": "_config_light",
			"editorconfig": "_config_light",
			"slugignore": "_config_light",
			"tmp": "_clock_light",
			"htaccess": "_config_light",
			"key": "_lock_light",
			"cert": "_lock_light",
			"ds_store": "_ignored_light"
		},
		"languageIds": {
			"bat": "_windows_light",
			"coffeescript": "_coffee_light",
			"c": "_c_light",
			"cpp": "_cpp_light",
			"csharp": "_c-sharp_light",
			"css": "_css_light",
			"dockerfile": "_docker_light",
			"fsharp": "_f-sharp_light",
			"go": "_go2_light",
			"groovy": "_grails_light",
			"handlebars": "_mustache_light",
			"html": "_html_light",
			"properties": "_java_light",
			"java": "_java_light",
			"javascriptreact": "_react_light",
			"javascript": "_javascript_light",
			"json": "_json_light",
			"less": "_less_light",
			"lua": "_lua_light",
			"makefile": "_makefile_light",
			"markdown": "_markdown_light",
			"objective-c": "_c_light",
			"perl": "_perl_light",
			"php": "_php_light",
			"powershell": "_powershell_light",
			"jade": "_jade_light",
			"python": "_python_light",
			"ruby": "_ruby_light",
			"rust": "_rust_light",
			"scss": "_sass_light",
			"shellscript": "_shell_light",
			"sql": "_db_light",
			"swift": "_swift_light",
			"typescript": "_typescript_light",
			"typescriptreact": "_react_light",
			"xml": "_xml_light",
			"yaml": "_yml_light"
		},
		"fileNames": {
			"mix": "_hex_light",
			"karma.conf.js": "_karma_light",
			"karma.conf.coffee": "_karma_light",
			"readme.md": "_info_light",
			"changelog.md": "_clock_light",
			"changelog": "_clock_light",
			"version.md": "_clock_light",
			"version": "_clock_light",
			"mvnw": "_maven_light",
			"mime.types": "_config_light",
			"jenkinsfile": "_jenkins_light",
			"bower.json": "_bower_light",
			"docker-healthcheck": "_docker_light",
			"docker-compose.yml": "_docker_light",
			"firebase.json": "_firebase_light",
			"geckodriver": "_firefox_light",
			"gruntfile.js": "_grunt_light",
			"gruntfile.babel.js": "_grunt_light",
			"gruntfile.coffee": "_grunt_light",
			"gulpfile": "_gulp_light",
			"ionic.config.json": "_ionic_light",
			"ionic.project": "_ionic_light",
			"rollup.config.js": "_rollup_light",
			"sass-lint.yml": "_sass_light",
			"yarn.clean": "_yarn_light",
			"yarn.lock": "_yarn_light",
			"license": "_license_light",
			"licence": "_license_light",
			"copying": "_license_light",
			"compiling": "_license_light",
			"contributing": "_license_light",
			"qmakefile": "_makefile_light",
			"omakefile": "_makefile_light",
			"cmakelists.txt": "_makefile_light",
			"procfile": "_heroku_light",
			"npm-debug.log": "_npm_ignored_light"
		}
	},
	"version": "https://github.com/jesseweed/seti-ui/commit/c44b29c7a5b2f189fccfd58ceea02b117678caa9"
}