{
	"comments": {
		"lineComment": "//",
		"blockComment": [ "/*", "*/" ]
	},
	"brackets": [
		["{", "}"],
		["[", "]"],
		["(", ")"]
	],
	"autoClosingPairs": [
		["{", "}"],
		["[", "]"],
		["(", ")"],
		["\"", "\""],
		["'", "'"],
		{ "open": "/**", "close": " */", "notIn": ["string"] }
	],
	"surroundingPairs": [
		["{", "}"],
		["[", "]"],
		["(", ")"],
		["\"", "\""],
		["'", "'"],
		["<", ">"]
	],
	"folding": {
		"markers": {
			"start": "^\\s*//\\s*(#?region\\b)|(<editor-fold\\b)",
			"end": "^\\s*//\\s*(#?endregion\\b)|(</editor-fold>)"
		}
	}
}
