{
	"typescript.reloadProjects.title": "Ricarica progetto",
	"javascript.reloadProjects.title": "Ricarica progetto",
	"configuration.typescript": "TypeScript",
	"typescript.useCodeSnippetsOnMethodSuggest.dec": "Completare le funzioni con la relativa firma del parametro.",
	"typescript.tsdk.desc": "Specifica il percorso della cartella che contiene i file tsserver e lib*.d.ts da usare.",
	"typescript.disableAutomaticTypeAcquisition": "Disabilita l'acquisizione automatica del tipo. Richiede TypeScript >= 2.0.6.",
	"typescript.tsserver.log": "Abilita la registrazione del server TypeScript in un file. Questo registro può essere utilizzato per diagnosticare problemi del server TypeScript. Il registro può contenere percorsi di file, codice sorgente e altre informazioni del progetto potenzialmente riservate. ",
	"typescript.tsserver.trace": "Abilita la traccia dei messaggi inviati al server TypeScript. Questa traccia può essere utilizzata per diagnosticare problemi del server TypeScript. La traccia può contenere percorsi di file, codice sorgente e altre informazioni del progetto potenzialmente riservate.",
	"typescript.validate.enable": "Abilita/Disabilita la convalida TypeScript.",
	"typescript.format.enable": "Abilita/Disabilita il formattatore TypeScript predefinito.",
	"javascript.format.enable": "Abilita/Disabilita il formattatore JavaScript predefinito.",
	"format.insertSpaceAfterCommaDelimiter": "Consente di definire la gestione dello spazio dopo una virgola di delimitazione6",
	"format.insertSpaceAfterConstructor": "Definisce la gestione dello spazio dopo la parola chiave constructor. Richiede TypeScript >= 2.3.0.",
	"format.insertSpaceAfterSemicolonInForStatements": " Consente di definire la gestione dello spazio dopo un punto e virgola in un'istruzione for.",
	"format.insertSpaceBeforeAndAfterBinaryOperators": "Consente di definire la gestione dello spazio dopo un operatore binario.",
	"format.insertSpaceAfterKeywordsInControlFlowStatements": "Consente di definire la gestione dello spazio dopo le parole chiave in un'istruzione del flusso di controllo.",
	"format.insertSpaceAfterFunctionKeywordForAnonymousFunctions": "Consente di definire la gestione dello spazio dopo la parola chiave function per funzioni anonime.",
	"format.insertSpaceBeforeFunctionParenthesis": "Consente di definire la gestione dello spazio prima delle parentesi dell'argomento della funzione. Richiede TypeScript >= 2.1.5.",
	"format.insertSpaceAfterOpeningAndBeforeClosingNonemptyParenthesis": "Consente di definire la gestione dello spazio dopo le parentesi tonde di apertura e di chiusura non vuote.",
	"format.insertSpaceAfterOpeningAndBeforeClosingNonemptyBrackets": "Consente di definire la gestione dello spazio dopo le parentesi quadre di apertura e di chiusura non vuote.",
	"format.insertSpaceAfterOpeningAndBeforeClosingNonemptyBraces": "Consente di definire la gestione dello spazio dopo l'apertura e prima della chiusura di parentesi graffe non vuote. Richiede TypeScript >= 2.3.0.",
	"format.insertSpaceAfterOpeningAndBeforeClosingTemplateStringBraces": "Consente di definire la gestione dello spazio dopo la parentesi graffa iniziale e prima della parentesi graffa finale della stringa del modello. Richiede TypeScript >= 2.0.6",
	"format.insertSpaceAfterOpeningAndBeforeClosingJsxExpressionBraces": "Consente di definire la gestione dello spazio dopo la parentesi graffa iniziale e prima della parentesi graffa finale dell'espressione JSX. Richiede TypeScript >= 2.0.6",
	"format.insertSpaceAfterTypeAssertion": "Definisce la gestione dello spazio dopo le asserzioni di tipo in TypeScript. Richiede TypeScript >= 2.4.",
	"format.placeOpenBraceOnNewLineForFunctions": "Consente di definire se una parentesi graffa di apertura viene o meno inserita su una riga per le funzioni.",
	"format.placeOpenBraceOnNewLineForControlBlocks": "Consente di definire se una parentesi graffa di apertura viene o meno inserita su una riga per i blocchi di controllo.",
	"javascript.validate.enable": "Abilita/Disabilita la convalida JavaScript.",
	"typescript.goToProjectConfig.title": "Passa a Configurazione progetto",
	"javascript.goToProjectConfig.title": "Passa a Configurazione progetto",
	"javascript.referencesCodeLens.enabled": "Abilita/disabilita riferimenti CodeLens nei file JavaScript.",
	"typescript.referencesCodeLens.enabled": "Abilita/disabilita riferimenti CodeLens nei file TypeScript. Richiede TypeScript >= 2.0.6.",
	"typescript.implementationsCodeLens.enabled": "Abilita/Disabilita le finestre CodeLens per le implementazioni. Richiede una versione di TypeScript uguale o successiva alla 2.2.0.",
	"typescript.openTsServerLog.title": "Apri il log del server TypeScript",
	"typescript.restartTsServer": "Riavvia server TS",
	"typescript.selectTypeScriptVersion.title": "Seleziona la versione di TypeScript",
	"jsDocCompletion.enabled": "Abilita/Disabilita commenti automatici JSDoc",
	"javascript.implicitProjectConfig.checkJs": "Abilita/disabilita il controllo semantico di file JavaScript. File jsconfig.json o tsconfig.json esistenti sovrascrivono su questa impostazione. Richiede TypeScript >= 2.3.1.",
	"typescript.npm": "Specifica il percorso dell'eseguibile NPM utilizzato per l'acquisizione automatica delle definizioni di tipi. Richiede TypeScript >= 2.3.4.",
	"typescript.check.npmIsInstalled": "Controlla se NPM è installato per l'acquisizione automatica delle definizioni di tipi",
	"javascript.nameSuggestions": "Abilita/disabilita l'inclusione di nomi univoci dal file negli elenchi di suggerimento di JavaScript.",
	"typescript.tsc.autoDetect": "Controlla l'auto-rilevazione di attività di tsc. 'off' disabilita questa funzionalità. 'build' crea solo attività di singola compilazione esecuzione. 'watch' crea solo attività di compilazione e controllo. 'on' crea attività  sia di tipo 'build' che 'watch'. Il valore predefinito è 'on'.",
	"typescript.problemMatchers.tsc.label": "Problemi TypeScript",
	"typescript.problemMatchers.tscWatch.label": "Problemi TypeScript (modalità espressione di controllo)",
	"typescript.quickSuggestionsForPaths": "Attiva/Disattiva suggerimenti rapidi quando si digita un percorso di importazione.",
	"typescript.locale": "Assegna le impostazioni internazionali utilizzate per riportare errori TypeScript. Richiede TypeScript > = 2.6.0. Il valore predefinito 'null' utilizza le impostazioni internazionali di VS Code.",
	"javascript.implicitProjectConfig.experimentalDecorators": "Abilita/disabilita 'experimentalDecorators' per i file JavaScript che non fanno parte di un progetto. File jsconfig.json o tsconfig.json esistenti ignorano questa impostazione. Richiede TypeScript >= 2.3.1.",
	"typescript.autoImportSuggestions.enabled": "Abilita/Disabilita suggerimenti importazione automatica. Richiede una versione di TypeScript >= 2.6.1"
}